<?xml version="1.0" encoding="UTF-8"?>
<!DOCTYPE mapper
  PUBLIC "-//mybatis.org//DTD Mapper 3.0//EN"
  "http://mybatis.org/dtd/mybatis-3-mapper.dtd">
<mapper namespace="kr.icia.mapper.MemberMapper">

	<resultMap type="kr.icia.domain.AuthVO" id="authMap">
		<result property="userid" column="userid" />
		<result property="auth" column="auth" />
	</resultMap>

	<resultMap type="kr.icia.domain.MemberVO" id="memberMap">
		<id property="userid" column="userid" />
		<result property="userid" column="userid" />
		<result property="userpw" column="userpw" />
		<result property="userName" column="username" />
		<result property="regDate" column="regdate" />
		<result property="updateDate" column="updatedate" />
		<collection property="authList" resultMap="authMap" />
	</resultMap>

	<select id="read" resultMap="memberMap">
		select
		mem.userid, userpw, username,
		enabled, regdate, updatedate, auth
		from
		tbl_member mem left outer join
		tbl_member_auth auth on mem.userid=auth.userid
		where mem.userid=
		#{userid}
	</select>

</mapper>