<?xml version="1.0" encoding="UTF-8"?>
<beans xmlns="http://www.springframework.org/schema/beans"
	xmlns:xsi="http://www.w3.org/2001/XMLSchema-instance"
	xmlns:security="http://www.springframework.org/schema/security"
	xsi:schemaLocation="http://www.springframework.org/schema/security http://www.springframework.org/schema/security/spring-security-4.2.xsd
		http://www.springframework.org/schema/beans http://www.springframework.org/schema/beans/spring-beans.xsd">


	<bean id="bcryptPasswordEncoder"
		class="org.springframework.security.crypto.bcrypt.BCryptPasswordEncoder" />
	<bean id="customUserDetailsService"
		class="kr.icia.security.CustomUserDetailsService" />
		
	<bean id="customAccessDenied" class="kr.icia.security.CustomAccessDeniedHandler"></bean>
	<bean id="customLoginSuccess" class="kr.icia.security.CustomLoginSuccessHandler"></bean>
<!-- 	<bean id="customPasswordEncoder" class="kr.icia.security.CustomNoOpPasswordEncoder"></bean> -->
	
	<security:http>
		<security:intercept-url pattern="/sample/all" access="permitAll"/>
		<security:intercept-url pattern="/sample/member" access="hasRole('ROLE_MEMBER')"/>
		<security:intercept-url pattern="/sample/admin" access="hasRole('ROLE_ADMIN')"/>
		<security:intercept-url pattern="/board/register" access="hasRole('ROLE_ADMIN')"/>
		<security:intercept-url pattern="/board/register" access="hasRole('ROLE_MEMBER')"/>
		
		<security:access-denied-handler ref="customAccessDenied"/>
		<security:form-login login-page="/customLogin" authentication-success-handler-ref="customLoginSuccess" />
	</security:http>


	<security:authentication-manager>
		<security:authentication-provider>
			<security:jdbc-user-service data-source-ref="dataSource" />
			<security:password-encoder ref="bcryptPasswordEncoder" />
		</security:authentication-provider>
	</security:authentication-manager>

</beans>
